{
  "scrape_sources": 229,
  "qa_extracted": 1227,
  "imported": 0,
  "failed": 1227,
  "timestamp": "2026-02-23T14:00:01.047361",
  "execution_time_seconds": 527.8240051269531
}