{
  "scrape_sources": 219,
  "qa_extracted": 1071,
  "imported": 0,
  "failed": 1071,
  "timestamp": "2026-01-13T08:25:18.905582",
  "execution_time_seconds": 321.02872133255005
}