{
  "scrape_sources": 212,
  "qa_extracted": 1036,
  "imported": 0,
  "failed": 0,
  "timestamp": "2026-01-15T08:00:01.182244",
  "execution_time_seconds": 433.806764125824
}