{
  "scrape_sources": 219,
  "qa_extracted": 1078,
  "imported": 0,
  "failed": 0,
  "timestamp": "2026-01-13T08:10:06.015157",
  "execution_time_seconds": 320.47475814819336
}