{
  "scrape_sources": 219,
  "qa_extracted": 1128,
  "imported": 100,
  "failed": 0,
  "timestamp": "2026-01-13T08:35:59.687425",
  "execution_time_seconds": 316.5236909389496
}